DROP TABLE IF EXISTS "users";
CREATE TABLE "public"."users" (
    "id" character varying(40) NOT NULL,
    "username" character varying(120) NOT NULL,
    "picture_url" text NOT NULL,
    CONSTRAINT "users_pkey" PRIMARY KEY ("id")
) WITH (oids = false);

INSERT INTO "users" ("id", "username", "picture_url") VALUES
('google-oauth2|115793422235026993679',	'Caleb Hiebert',	'https://lh3.googleusercontent.com/-8LMvCNJmD_8/AAAAAAAAAAI/AAAAAAAAAAA/ACHi3rf48Jc-NX8r2zU1H3YwTVarKSMwFQ/mo/photo.jpg'),
('google-oauth2|106965438089681476584',	'Gustavo Andrade',	'https://lh6.googleusercontent.com/-0gJ-63Z_W7s/AAAAAAAAAAI/AAAAAAAAAAA/ACHi3rd9SIF7vZ6S2eKCKIYXP-MW4ABJvg/mo/photo.jpg'),
('google-oauth2|102599553624957550860',	'Blair Petrachek',	'https://lh3.googleusercontent.com/-BLOtQxYfkdY/AAAAAAAAAAI/AAAAAAAAAAA/ACHi3rff_783KuorhgHGtTjgj0Fws5nvKg/mo/photo.jpg'),
('google-oauth2|104779678197555140626',	'Taylor Ferens',	'https://lh6.googleusercontent.com/-gA6a4YhNV2M/AAAAAAAAAAI/AAAAAAAAAAA/ACHi3rfGW7P6K6aRFLm-t8u8ndDEP9gJaA/mo/photo.jpg'),
('google-oauth2|113852563919427945809',	'Daniel Burch',	'https://lh4.googleusercontent.com/-v66EH661Xn4/AAAAAAAAAAI/AAAAAAAAAAA/ACHi3reOflfzqSYoK6MuMS-D88lq2LMEIw/mo/photo.jpg'),
('google-oauth2|110102241294111780887',	'Shannon Maksymowicz',	'https://lh6.googleusercontent.com/-JQ83GcVRqlM/AAAAAAAAAAI/AAAAAAAAAAA/ACHi3rcVCfYW4xnA4zpRijJ0o6w9AlSsTA/mo/photo.jpg'),
('google-oauth2|103670148944902436839',	'Daniel Burch',	'https://lh4.googleusercontent.com/-2dil_pTSrmY/AAAAAAAAAAI/AAAAAAAAAAA/ACHi3rdHkxUaKAwlKUfMX6-eogDvHIrX_A/mo/photo.jpg'),
('google-oauth2|113183594797538665888',	'Troy Astrope',	'https://lh3.googleusercontent.com/-KE_s1YBM_OA/AAAAAAAAAAI/AAAAAAAAAX4/DoV6CxfyAbo/photo.jpg');

DROP TABLE IF EXISTS "games";
DROP SEQUENCE IF EXISTS games_id_seq;
CREATE SEQUENCE games_id_seq INCREMENT 1 MINVALUE 1 MAXVALUE 2147483647 START 6 CACHE 1;

CREATE TABLE "public"."games" (
    "id" integer DEFAULT nextval('games_id_seq') NOT NULL,
    "created_at" timestamptz,
    "updated_at" timestamptz,
    "deleted_at" timestamptz,
    "win_goals" integer DEFAULT '10' NOT NULL,
    CONSTRAINT "games_pkey" PRIMARY KEY ("id")
) WITH (oids = false);

INSERT INTO "games" ("id", "created_at", "updated_at", "deleted_at", "win_goals") VALUES
(1,	'2019-05-08 16:45:35.729355+00',	'2019-05-08 16:45:35.729355+00',	NULL,	10),
(2,	'2019-05-08 16:52:20.019841+00',	'2019-05-08 16:52:20.019841+00',	NULL,	10),
(3,	'2019-05-08 17:02:47.782566+00',	'2019-05-08 17:02:47.782566+00',	NULL,	10),
(4,	'2019-05-09 14:23:03.051251+00',	'2019-05-09 14:23:03.051251+00',	NULL,	10),
(5,	'2019-05-09 14:29:21.4715+00',	'2019-05-09 14:29:21.4715+00',	NULL,	10),
(6,	'2019-05-09 19:59:07.006217+00',	'2019-05-09 19:59:07.006217+00',	NULL,	10);

DROP TABLE IF EXISTS "game_events";
DROP SEQUENCE IF EXISTS game_events_id_seq;
CREATE SEQUENCE game_events_id_seq INCREMENT 1 MINVALUE 1 MAXVALUE 2147483647 START 134 CACHE 1;

CREATE TABLE "public"."game_events" (
    "id" integer DEFAULT nextval('game_events_id_seq') NOT NULL,
    "game_id" integer NOT NULL,
    "user_id" character varying(40),
    "event_type" character varying(10) NOT NULL,
    "team" character varying(10),
    "position" character varying(10),
    "created_at" timestamptz,
    "updated_at" timestamptz,
    "deleted_at" timestamptz,
    CONSTRAINT "game_events_pkey" PRIMARY KEY ("id"),
    CONSTRAINT "game_events_game_id_fkey" FOREIGN KEY (game_id) REFERENCES games(id) NOT DEFERRABLE,
    CONSTRAINT "game_events_user_id_fkey" FOREIGN KEY (user_id) REFERENCES users(id) NOT DEFERRABLE
) WITH (oids = false);

INSERT INTO "game_events" ("id", "game_id", "user_id", "event_type", "team", "position", "created_at", "updated_at", "deleted_at") VALUES
(1,	1,	'google-oauth2|104779678197555140626',	'ptp',	'blue',	'goalie',	'2019-05-08 16:45:35.833782+00',	'2019-05-08 16:45:35.833782+00',	NULL),
(2,	1,	'google-oauth2|113852563919427945809',	'ptp',	'blue',	'forward',	'2019-05-08 16:45:35.943521+00',	'2019-05-08 16:45:35.943521+00',	NULL),
(3,	1,	'google-oauth2|106965438089681476584',	'ptp',	'red',	'goalie',	'2019-05-08 16:45:35.946352+00',	'2019-05-08 16:45:35.946352+00',	NULL),
(4,	1,	'google-oauth2|110102241294111780887',	'ptp',	'red',	'forward',	'2019-05-08 16:45:35.949019+00',	'2019-05-08 16:45:35.949019+00',	NULL),
(5,	1,	NULL,	'start',	'',	'',	'2019-05-08 16:45:43.85644+00',	'2019-05-08 16:45:43.85644+00',	NULL),
(6,	1,	'google-oauth2|113852563919427945809',	'goal',	'blue',	'forward',	'2019-05-08 16:46:48.321985+00',	'2019-05-08 16:46:48.321985+00',	NULL),
(7,	1,	'google-oauth2|110102241294111780887',	'goal',	'red',	'forward',	'2019-05-08 16:47:21.306096+00',	'2019-05-08 16:47:21.306096+00',	NULL),
(8,	1,	'google-oauth2|113852563919427945809',	'goal',	'blue',	'forward',	'2019-05-08 16:47:39.800688+00',	'2019-05-08 16:47:39.800688+00',	NULL),
(9,	1,	'google-oauth2|110102241294111780887',	'goal',	'red',	'forward',	'2019-05-08 16:48:00.645053+00',	'2019-05-08 16:48:00.645053+00',	NULL),
(10,	1,	'google-oauth2|113852563919427945809',	'goal',	'blue',	'forward',	'2019-05-08 16:48:16.648217+00',	'2019-05-08 16:48:16.648217+00',	NULL),
(11,	1,	'google-oauth2|113852563919427945809',	'goal',	'blue',	'forward',	'2019-05-08 16:48:51.7222+00',	'2019-05-08 16:48:51.7222+00',	NULL),
(12,	1,	'google-oauth2|104779678197555140626',	'goal',	'blue',	'goalie',	'2019-05-08 16:49:28.584673+00',	'2019-05-08 16:49:28.584673+00',	NULL),
(13,	1,	'google-oauth2|110102241294111780887',	'goal',	'red',	'forward',	'2019-05-08 16:49:51.508065+00',	'2019-05-08 16:49:51.508065+00',	NULL),
(14,	1,	'google-oauth2|106965438089681476584',	'goal',	'red',	'goalie',	'2019-05-08 16:50:02.771395+00',	'2019-05-08 16:50:02.771395+00',	NULL),
(15,	1,	'google-oauth2|104779678197555140626',	'goal',	'blue',	'goalie',	'2019-05-08 16:50:37.341753+00',	'2019-05-08 16:50:37.341753+00',	NULL),
(16,	1,	'google-oauth2|110102241294111780887',	'goal',	'red',	'forward',	'2019-05-08 16:50:49.82912+00',	'2019-05-08 16:50:49.82912+00',	NULL),
(17,	1,	'google-oauth2|104779678197555140626',	'goal',	'blue',	'goalie',	'2019-05-08 16:51:13.120047+00',	'2019-05-08 16:51:13.120047+00',	NULL),
(18,	1,	'google-oauth2|110102241294111780887',	'goal',	'red',	'forward',	'2019-05-08 16:51:23.477516+00',	'2019-05-08 16:51:23.477516+00',	NULL),
(19,	1,	'google-oauth2|110102241294111780887',	'goal',	'red',	'forward',	'2019-05-08 16:51:28.658467+00',	'2019-05-08 16:51:28.658467+00',	NULL),
(20,	1,	'google-oauth2|113852563919427945809',	'goal',	'blue',	'forward',	'2019-05-08 16:51:36.697158+00',	'2019-05-08 16:51:36.697158+00',	NULL),
(21,	1,	'google-oauth2|113852563919427945809',	'goal',	'blue',	'forward',	'2019-05-08 16:51:40.082984+00',	'2019-05-08 16:51:40.082984+00',	NULL),
(22,	1,	'google-oauth2|113852563919427945809',	'goal',	'blue',	'forward',	'2019-05-08 16:51:46.885958+00',	'2019-05-08 16:51:46.885958+00',	NULL),
(23,	1,	NULL,	'end',	'',	'',	'2019-05-08 16:51:48.362609+00',	'2019-05-08 16:51:48.362609+00',	NULL),
(24,	2,	'google-oauth2|110102241294111780887',	'ptp',	'blue',	'goalie',	'2019-05-08 16:52:20.028042+00',	'2019-05-08 16:52:20.028042+00',	NULL),
(25,	2,	'google-oauth2|106965438089681476584',	'ptp',	'blue',	'forward',	'2019-05-08 16:52:20.031728+00',	'2019-05-08 16:52:20.031728+00',	NULL),
(26,	2,	'google-oauth2|115793422235026993679',	'ptp',	'red',	'goalie',	'2019-05-08 16:52:20.036643+00',	'2019-05-08 16:52:20.036643+00',	NULL),
(27,	2,	'google-oauth2|104779678197555140626',	'ptp',	'red',	'forward',	'2019-05-08 16:52:20.045297+00',	'2019-05-08 16:52:20.045297+00',	NULL),
(28,	2,	NULL,	'start',	'',	'',	'2019-05-08 16:52:22.332601+00',	'2019-05-08 16:52:22.332601+00',	NULL),
(29,	2,	'google-oauth2|104779678197555140626',	'goal',	'red',	'forward',	'2019-05-08 16:52:30.436635+00',	'2019-05-08 16:52:30.436635+00',	NULL),
(30,	2,	'google-oauth2|104779678197555140626',	'goal',	'red',	'forward',	'2019-05-08 16:52:52.616253+00',	'2019-05-08 16:52:52.616253+00',	NULL),
(31,	2,	'google-oauth2|106965438089681476584',	'goal',	'blue',	'forward',	'2019-05-08 16:53:23.700999+00',	'2019-05-08 16:53:23.700999+00',	NULL),
(32,	2,	'google-oauth2|104779678197555140626',	'goal',	'red',	'forward',	'2019-05-08 16:54:07.084314+00',	'2019-05-08 16:54:07.084314+00',	NULL),
(33,	2,	'google-oauth2|104779678197555140626',	'goal',	'red',	'forward',	'2019-05-08 16:54:46.300149+00',	'2019-05-08 16:54:46.300149+00',	NULL),
(34,	2,	'google-oauth2|104779678197555140626',	'goal',	'red',	'forward',	'2019-05-08 16:55:06.642821+00',	'2019-05-08 16:55:06.642821+00',	NULL),
(35,	2,	'google-oauth2|104779678197555140626',	'goal',	'red',	'forward',	'2019-05-08 16:55:41.18449+00',	'2019-05-08 16:55:41.18449+00',	NULL),
(36,	2,	'google-oauth2|106965438089681476584',	'goal',	'blue',	'forward',	'2019-05-08 16:57:00.690113+00',	'2019-05-08 16:57:00.690113+00',	NULL),
(37,	2,	'google-oauth2|106965438089681476584',	'goal',	'blue',	'forward',	'2019-05-08 16:57:11.076226+00',	'2019-05-08 16:57:11.076226+00',	NULL),
(38,	2,	'google-oauth2|104779678197555140626',	'goal',	'red',	'forward',	'2019-05-08 16:58:39.267867+00',	'2019-05-08 16:58:39.267867+00',	NULL),
(39,	2,	'google-oauth2|104779678197555140626',	'goal',	'red',	'forward',	'2019-05-08 16:58:55.196714+00',	'2019-05-08 16:58:55.196714+00',	NULL),
(40,	2,	'google-oauth2|106965438089681476584',	'goal',	'blue',	'forward',	'2019-05-08 17:01:01.283874+00',	'2019-05-08 17:01:01.283874+00',	NULL),
(41,	2,	'google-oauth2|115793422235026993679',	'goal',	'red',	'goalie',	'2019-05-08 17:01:10.508762+00',	'2019-05-08 17:01:10.508762+00',	NULL),
(42,	2,	'google-oauth2|104779678197555140626',	'goal',	'red',	'forward',	'2019-05-08 17:01:31.978923+00',	'2019-05-08 17:01:31.978923+00',	NULL),
(43,	2,	NULL,	'end',	'',	'',	'2019-05-08 17:01:34.954636+00',	'2019-05-08 17:01:34.954636+00',	NULL),
(44,	3,	'google-oauth2|106965438089681476584',	'ptp',	'blue',	'goalie',	'2019-05-08 17:02:47.791458+00',	'2019-05-08 17:02:47.791458+00',	NULL),
(45,	3,	'google-oauth2|104779678197555140626',	'ptp',	'blue',	'forward',	'2019-05-08 17:02:47.79497+00',	'2019-05-08 17:02:47.79497+00',	NULL),
(46,	3,	'google-oauth2|102599553624957550860',	'ptp',	'red',	'goalie',	'2019-05-08 17:02:47.802246+00',	'2019-05-08 17:02:47.802246+00',	NULL),
(47,	3,	'google-oauth2|110102241294111780887',	'ptp',	'red',	'forward',	'2019-05-08 17:02:47.805383+00',	'2019-05-08 17:02:47.805383+00',	NULL),
(48,	3,	NULL,	'start',	'',	'',	'2019-05-08 17:02:48.72319+00',	'2019-05-08 17:02:48.72319+00',	NULL),
(49,	3,	'google-oauth2|110102241294111780887',	'goal',	'red',	'forward',	'2019-05-08 17:02:57.527867+00',	'2019-05-08 17:02:57.527867+00',	NULL),
(50,	3,	'google-oauth2|104779678197555140626',	'goal',	'blue',	'forward',	'2019-05-08 17:03:23.576862+00',	'2019-05-08 17:03:23.576862+00',	NULL),
(51,	3,	'google-oauth2|110102241294111780887',	'goal',	'red',	'forward',	'2019-05-08 17:03:36.078879+00',	'2019-05-08 17:03:36.078879+00',	NULL),
(52,	3,	'google-oauth2|102599553624957550860',	'goal',	'red',	'goalie',	'2019-05-08 17:04:25.36898+00',	'2019-05-08 17:04:25.36898+00',	NULL),
(53,	3,	'google-oauth2|110102241294111780887',	'goal',	'red',	'forward',	'2019-05-08 17:04:31.827854+00',	'2019-05-08 17:04:31.827854+00',	NULL),
(54,	3,	'google-oauth2|104779678197555140626',	'goal',	'blue',	'forward',	'2019-05-08 17:04:41.647599+00',	'2019-05-08 17:04:41.647599+00',	NULL),
(55,	3,	'google-oauth2|104779678197555140626',	'goal',	'blue',	'forward',	'2019-05-08 17:05:34.108946+00',	'2019-05-08 17:05:34.108946+00',	NULL),
(56,	3,	'google-oauth2|104779678197555140626',	'goal',	'blue',	'forward',	'2019-05-08 17:05:43.386994+00',	'2019-05-08 17:05:43.386994+00',	NULL),
(57,	3,	'google-oauth2|104779678197555140626',	'goal',	'blue',	'forward',	'2019-05-08 17:05:50.164112+00',	'2019-05-08 17:05:50.164112+00',	NULL),
(58,	3,	'google-oauth2|106965438089681476584',	'goal',	'blue',	'goalie',	'2019-05-08 17:06:01.019826+00',	'2019-05-08 17:06:01.019826+00',	NULL),
(59,	3,	'google-oauth2|104779678197555140626',	'goal',	'blue',	'forward',	'2019-05-08 17:06:33.460173+00',	'2019-05-08 17:06:33.460173+00',	NULL),
(60,	3,	'google-oauth2|104779678197555140626',	'goal',	'blue',	'forward',	'2019-05-08 17:06:35.883771+00',	'2019-05-08 17:06:35.883771+00',	NULL),
(61,	3,	'google-oauth2|104779678197555140626',	'goal',	'blue',	'forward',	'2019-05-08 17:07:16.837847+00',	'2019-05-08 17:07:16.837847+00',	NULL),
(62,	3,	'google-oauth2|104779678197555140626',	'goal',	'blue',	'forward',	'2019-05-08 17:07:37.405109+00',	'2019-05-08 17:07:37.405109+00',	NULL),
(63,	3,	NULL,	'end',	'',	'',	'2019-05-08 17:07:39.351577+00',	'2019-05-08 17:07:39.351577+00',	NULL),
(64,	4,	'google-oauth2|106965438089681476584',	'ptp',	'blue',	'goalie',	'2019-05-09 14:23:03.073337+00',	'2019-05-09 14:23:03.073337+00',	NULL),
(65,	4,	'google-oauth2|104779678197555140626',	'ptp',	'blue',	'forward',	'2019-05-09 14:23:03.088807+00',	'2019-05-09 14:23:03.088807+00',	NULL),
(66,	4,	'google-oauth2|115793422235026993679',	'ptp',	'red',	'goalie',	'2019-05-09 14:23:03.091874+00',	'2019-05-09 14:23:03.091874+00',	NULL),
(67,	4,	'google-oauth2|113852563919427945809',	'ptp',	'red',	'forward',	'2019-05-09 14:23:03.094841+00',	'2019-05-09 14:23:03.094841+00',	NULL),
(68,	4,	NULL,	'start',	'',	'',	'2019-05-09 14:23:16.357589+00',	'2019-05-09 14:23:16.357589+00',	NULL),
(69,	4,	NULL,	'dead',	'',	'',	'2019-05-09 14:23:42.511823+00',	'2019-05-09 14:23:42.511823+00',	NULL),
(70,	4,	'google-oauth2|113852563919427945809',	'goal',	'red',	'forward',	'2019-05-09 14:23:59.049679+00',	'2019-05-09 14:23:59.049679+00',	NULL),
(71,	4,	'google-oauth2|104779678197555140626',	'goal',	'blue',	'forward',	'2019-05-09 14:24:17.117365+00',	'2019-05-09 14:24:17.117365+00',	NULL),
(72,	4,	'google-oauth2|104779678197555140626',	'goal',	'blue',	'forward',	'2019-05-09 14:24:28.892702+00',	'2019-05-09 14:24:28.892702+00',	NULL),
(73,	4,	'google-oauth2|104779678197555140626',	'goal',	'blue',	'forward',	'2019-05-09 14:24:36.072538+00',	'2019-05-09 14:24:36.072538+00',	NULL),
(134,	6,	NULL,	'end',	'',	'',	'2019-05-10 12:53:41.058435+00',	'2019-05-10 12:53:41.058435+00',	NULL),
(74,	4,	'google-oauth2|113852563919427945809',	'goal',	'red',	'forward',	'2019-05-09 14:25:01.733647+00',	'2019-05-09 14:25:01.733647+00',	NULL),
(75,	4,	'google-oauth2|106965438089681476584',	'goal',	'blue',	'goalie',	'2019-05-09 14:25:25.831558+00',	'2019-05-09 14:25:25.831558+00',	NULL),
(76,	4,	'google-oauth2|104779678197555140626',	'goal',	'blue',	'forward',	'2019-05-09 14:25:43.182013+00',	'2019-05-09 14:25:43.182013+00',	NULL),
(77,	4,	'google-oauth2|104779678197555140626',	'goal',	'blue',	'forward',	'2019-05-09 14:26:27.021507+00',	'2019-05-09 14:26:27.021507+00',	NULL),
(78,	4,	'google-oauth2|106965438089681476584',	'goal',	'blue',	'goalie',	'2019-05-09 14:26:46.69321+00',	'2019-05-09 14:26:46.69321+00',	NULL),
(79,	4,	NULL,	'dead',	'',	'',	'2019-05-09 14:27:03.226209+00',	'2019-05-09 14:27:03.226209+00',	NULL),
(80,	4,	'google-oauth2|106965438089681476584',	'goal',	'blue',	'goalie',	'2019-05-09 14:27:12.395296+00',	'2019-05-09 14:27:12.395296+00',	NULL),
(81,	4,	'google-oauth2|104779678197555140626',	'goal',	'blue',	'forward',	'2019-05-09 14:27:35.417546+00',	'2019-05-09 14:27:35.417546+00',	NULL),
(82,	4,	NULL,	'dead',	'',	'',	'2019-05-09 14:28:12.74642+00',	'2019-05-09 14:28:12.74642+00',	NULL),
(83,	4,	'google-oauth2|104779678197555140626',	'goal',	'blue',	'forward',	'2019-05-09 14:28:35.458631+00',	'2019-05-09 14:28:35.458631+00',	NULL),
(84,	4,	NULL,	'end',	'',	'',	'2019-05-09 14:28:38.575809+00',	'2019-05-09 14:28:38.575809+00',	NULL),
(85,	5,	'google-oauth2|113852563919427945809',	'ptp',	'blue',	'goalie',	'2019-05-09 14:29:21.477102+00',	'2019-05-09 14:29:21.477102+00',	NULL),
(86,	5,	'google-oauth2|106965438089681476584',	'ptp',	'blue',	'forward',	'2019-05-09 14:29:21.480192+00',	'2019-05-09 14:29:21.480192+00',	NULL),
(87,	5,	'google-oauth2|104779678197555140626',	'ptp',	'red',	'goalie',	'2019-05-09 14:29:21.489693+00',	'2019-05-09 14:29:21.489693+00',	NULL),
(88,	5,	'google-oauth2|115793422235026993679',	'ptp',	'red',	'forward',	'2019-05-09 14:29:21.492648+00',	'2019-05-09 14:29:21.492648+00',	NULL),
(89,	5,	NULL,	'start',	'',	'',	'2019-05-09 14:29:23.560501+00',	'2019-05-09 14:29:23.560501+00',	NULL),
(90,	5,	'google-oauth2|115793422235026993679',	'goal',	'red',	'forward',	'2019-05-09 14:29:34.703949+00',	'2019-05-09 14:29:34.703949+00',	NULL),
(91,	5,	'google-oauth2|115793422235026993679',	'goal',	'red',	'forward',	'2019-05-09 14:29:49.848908+00',	'2019-05-09 14:29:49.848908+00',	NULL),
(92,	5,	'google-oauth2|104779678197555140626',	'goal',	'red',	'goalie',	'2019-05-09 14:30:14.739113+00',	'2019-05-09 14:30:14.739113+00',	NULL),
(93,	5,	'google-oauth2|115793422235026993679',	'goal',	'red',	'forward',	'2019-05-09 14:31:16.843115+00',	'2019-05-09 14:31:16.843115+00',	NULL),
(94,	5,	'google-oauth2|106965438089681476584',	'goal',	'blue',	'forward',	'2019-05-09 14:32:05.043787+00',	'2019-05-09 14:32:05.043787+00',	NULL),
(95,	5,	'google-oauth2|104779678197555140626',	'goal',	'red',	'goalie',	'2019-05-09 14:32:45.424141+00',	'2019-05-09 14:32:45.424141+00',	NULL),
(96,	5,	'google-oauth2|106965438089681476584',	'goal',	'blue',	'forward',	'2019-05-09 14:33:46.978225+00',	'2019-05-09 14:33:46.978225+00',	NULL),
(97,	5,	'google-oauth2|104779678197555140626',	'goal',	'red',	'goalie',	'2019-05-09 14:34:19.533026+00',	'2019-05-09 14:34:19.533026+00',	NULL),
(98,	5,	'google-oauth2|104779678197555140626',	'goal',	'red',	'goalie',	'2019-05-09 14:34:45.994475+00',	'2019-05-09 14:34:45.994475+00',	NULL),
(99,	5,	'google-oauth2|104779678197555140626',	'goal',	'red',	'goalie',	'2019-05-09 14:35:25.302364+00',	'2019-05-09 14:35:25.302364+00',	NULL),
(100,	5,	NULL,	'dead',	'',	'',	'2019-05-09 14:35:47.601678+00',	'2019-05-09 14:35:47.601678+00',	NULL),
(101,	5,	NULL,	'dead',	'',	'',	'2019-05-09 14:36:27.069287+00',	'2019-05-09 14:36:27.069287+00',	NULL),
(102,	5,	'google-oauth2|113852563919427945809',	'goal',	'blue',	'goalie',	'2019-05-09 14:36:37.965105+00',	'2019-05-09 14:36:37.965105+00',	NULL),
(103,	5,	NULL,	'dead',	'',	'',	'2019-05-09 14:37:19.559149+00',	'2019-05-09 14:37:19.559149+00',	NULL),
(104,	5,	'google-oauth2|113852563919427945809',	'goal',	'blue',	'goalie',	'2019-05-09 14:37:26.036501+00',	'2019-05-09 14:37:26.036501+00',	NULL),
(105,	5,	'google-oauth2|104779678197555140626',	'goal',	'red',	'goalie',	'2019-05-09 14:37:52.409936+00',	'2019-05-09 14:37:52.409936+00',	NULL),
(106,	5,	'google-oauth2|104779678197555140626',	'goal',	'red',	'goalie',	'2019-05-09 14:38:08.258271+00',	'2019-05-09 14:38:08.258271+00',	NULL),
(107,	5,	NULL,	'end',	'',	'',	'2019-05-09 14:38:13.045933+00',	'2019-05-09 14:38:13.045933+00',	NULL),
(108,	6,	'google-oauth2|113852563919427945809',	'ptp',	'blue',	'goalie',	'2019-05-09 19:59:07.025898+00',	'2019-05-09 19:59:07.025898+00',	NULL),
(109,	6,	'google-oauth2|110102241294111780887',	'ptp',	'blue',	'forward',	'2019-05-09 19:59:07.034489+00',	'2019-05-09 19:59:07.034489+00',	NULL),
(110,	6,	'google-oauth2|113183594797538665888',	'ptp',	'red',	'goalie',	'2019-05-09 19:59:07.036431+00',	'2019-05-09 19:59:07.036431+00',	NULL),
(111,	6,	'google-oauth2|113852563919427945809',	'ptp',	'red',	'forward',	'2019-05-09 19:59:07.038073+00',	'2019-05-09 19:59:07.038073+00',	NULL),
(112,	6,	NULL,	'start',	'',	'',	'2019-05-09 19:59:08.57201+00',	'2019-05-09 19:59:08.57201+00',	NULL),
(113,	6,	NULL,	'dead',	'',	'',	'2019-05-09 19:59:23.468054+00',	'2019-05-09 19:59:23.468054+00',	NULL),
(114,	6,	NULL,	'oob',	'',	'',	'2019-05-09 19:59:25.077419+00',	'2019-05-09 19:59:25.077419+00',	NULL),
(115,	6,	NULL,	'dead',	'',	'',	'2019-05-09 19:59:26.179802+00',	'2019-05-09 19:59:26.179802+00',	NULL),
(116,	6,	NULL,	'dead',	'',	'',	'2019-05-09 19:59:26.72519+00',	'2019-05-09 19:59:26.72519+00',	NULL),
(117,	6,	'google-oauth2|113852563919427945809',	'goal',	'red',	'forward',	'2019-05-09 19:59:29.560574+00',	'2019-05-09 19:59:29.560574+00',	NULL),
(118,	6,	'google-oauth2|113852563919427945809',	'goal',	'blue',	'goalie',	'2019-05-09 19:59:30.979304+00',	'2019-05-09 19:59:30.979304+00',	NULL),
(119,	6,	'google-oauth2|110102241294111780887',	'goal',	'blue',	'forward',	'2019-05-09 19:59:33.924588+00',	'2019-05-09 19:59:33.924588+00',	NULL),
(120,	6,	'google-oauth2|113852563919427945809',	'goal',	'blue',	'goalie',	'2019-05-09 19:59:34.853441+00',	'2019-05-09 19:59:34.853441+00',	NULL),
(121,	6,	'google-oauth2|113183594797538665888',	'goal',	'red',	'goalie',	'2019-05-09 19:59:35.722593+00',	'2019-05-09 19:59:35.722593+00',	NULL),
(122,	6,	'google-oauth2|113183594797538665888',	'goal',	'red',	'goalie',	'2019-05-09 19:59:36.312462+00',	'2019-05-09 19:59:36.312462+00',	NULL),
(123,	6,	'google-oauth2|110102241294111780887',	'goal',	'blue',	'forward',	'2019-05-09 19:59:36.930468+00',	'2019-05-09 19:59:36.930468+00',	NULL),
(124,	6,	'google-oauth2|113852563919427945809',	'goal',	'blue',	'goalie',	'2019-05-09 19:59:37.521028+00',	'2019-05-09 19:59:37.521028+00',	NULL),
(125,	6,	'google-oauth2|113852563919427945809',	'goal',	'red',	'forward',	'2019-05-09 19:59:38.434502+00',	'2019-05-09 19:59:38.434502+00',	NULL),
(126,	6,	'google-oauth2|110102241294111780887',	'goal',	'blue',	'forward',	'2019-05-09 19:59:39.09391+00',	'2019-05-09 19:59:39.09391+00',	NULL),
(127,	6,	'google-oauth2|113852563919427945809',	'goal',	'blue',	'goalie',	'2019-05-09 19:59:39.788127+00',	'2019-05-09 19:59:39.788127+00',	NULL),
(128,	6,	'google-oauth2|113852563919427945809',	'goal',	'red',	'forward',	'2019-05-09 19:59:40.364164+00',	'2019-05-09 19:59:40.364164+00',	NULL),
(129,	6,	'google-oauth2|113852563919427945809',	'goal',	'red',	'forward',	'2019-05-09 19:59:40.918802+00',	'2019-05-09 19:59:40.918802+00',	NULL),
(130,	6,	'google-oauth2|110102241294111780887',	'goal',	'blue',	'forward',	'2019-05-09 19:59:41.90734+00',	'2019-05-09 19:59:41.90734+00',	NULL),
(131,	6,	'google-oauth2|110102241294111780887',	'goal',	'blue',	'forward',	'2019-05-09 19:59:42.455078+00',	'2019-05-09 19:59:42.455078+00',	NULL),
(132,	6,	'google-oauth2|113183594797538665888',	'goal',	'red',	'goalie',	'2019-05-09 19:59:42.976766+00',	'2019-05-09 19:59:42.976766+00',	NULL),
(133,	6,	'google-oauth2|113852563919427945809',	'goal',	'blue',	'goalie',	'2019-05-09 19:59:44.459685+00',	'2019-05-09 19:59:44.459685+00',	NULL);
